{
  "milestone": 10000,
  "total_episodes": 10000,
  "total_steps": 1584696,
  "win_rate_agent_p0": 0.3188,
  "win_rate_agent_p1": 0.0998,
  "draw_rate": 0.5814,
  "total_wins_p0": 3188,
  "total_wins_p1": 998,
  "total_draws": 5814,
  "draw_reasons": {
    "MAX_TURNS": 0,
    "REPEATED_STATE": 4767,
    "NO_PROGRESS": 1047
  },
  "average_game_length": 196.42,
  "elo_agent_p0": 1011.6378202443858,
  "elo_agent_p1": 988.362179755617,
  "timestamp": "2025-12-31T22:36:27.202595",
  "device": "cpu"
}