{
  "checkpoint_type": "interrupted",
  "total_episodes": 15453,
  "total_steps": 152179,
  "total_wins_p0": 213,
  "total_wins_p1": 65,
  "total_draws": 718,
  "draw_reasons": {
    "MAX_TURNS": 0,
    "REPEATED_STATE": 679,
    "NO_PROGRESS": 39
  },
  "win_rate_agent_p0": 0.21385542168674698,
  "win_rate_agent_p1": 0.06526104417670683,
  "draw_rate": 0.7208835341365462,
  "average_game_length": 177.42,
  "elo_agent_p0": 1030.30234060625,
  "elo_agent_p1": 969.6976593937592,
  "timestamp": "2026-01-01T00:42:27.048780",
  "device": "cpu"
}